-- phpMyAdmin SQL Dump
-- version 4.8.5
-- https://www.phpmyadmin.net/
--
-- Servidor: 127.0.0.1
-- Tiempo de generación: 05-06-2019 a las 05:36:42
-- Versión del servidor: 10.1.38-MariaDB
-- Versión de PHP: 7.3.4

SET SQL_MODE = "NO_AUTO_VALUE_ON_ZERO";
SET AUTOCOMMIT = 0;
START TRANSACTION;
SET time_zone = "+00:00";


/*!40101 SET @OLD_CHARACTER_SET_CLIENT=@@CHARACTER_SET_CLIENT */;
/*!40101 SET @OLD_CHARACTER_SET_RESULTS=@@CHARACTER_SET_RESULTS */;
/*!40101 SET @OLD_COLLATION_CONNECTION=@@COLLATION_CONNECTION */;
/*!40101 SET NAMES utf8mb4 */;

--
-- Base de datos: `tutorias`
--

-- --------------------------------------------------------

--
-- Estructura de tabla para la tabla `alumnos`
--

CREATE TABLE `alumnos` (
  `matricula` varchar(128) NOT NULL,
  `nombre` varchar(128) NOT NULL,
  `id_carrera` int(11) NOT NULL,
  `id_tutor` varchar(128) NOT NULL
) ENGINE=InnoDB DEFAULT CHARSET=latin1;

--
-- Volcado de datos para la tabla `alumnos`
--

INSERT INTO `alumnos` (`matricula`, `nombre`, `id_carrera`, `id_tutor`) VALUES
('1530012', 'Carla Perez', 1, '1500235'),
('1530019', 'Pedro Perales', 7, '1500235'),
('1530031', 'Ana Gomez', 1, '1500235'),
('1530061', 'Erick Elizondo Rodriguez', 2, '1500235'),
('1530201', 'Luis Perales', 1, '1550002');

-- --------------------------------------------------------

--
-- Estructura de tabla para la tabla `carrera`
--

CREATE TABLE `carrera` (
  `id` int(11) NOT NULL,
  `nombre` varchar(128) NOT NULL
) ENGINE=InnoDB DEFAULT CHARSET=latin1;

--
-- Volcado de datos para la tabla `carrera`
--

INSERT INTO `carrera` (`id`, `nombre`) VALUES
(1, 'ITI'),
(2, 'PyMES'),
(4, 'ITM'),
(5, 'ISA'),
(7, 'IC');

-- --------------------------------------------------------

--
-- Estructura de tabla para la tabla `clasealumno`
--

CREATE TABLE `clasealumno` (
  `id_clase` int(11) NOT NULL,
  `id_alumno` int(11) NOT NULL
) ENGINE=InnoDB DEFAULT CHARSET=latin1;

--
-- Volcado de datos para la tabla `clasealumno`
--

INSERT INTO `clasealumno` (`id_clase`, `id_alumno`) VALUES
(3, 1530012),
(2, 1530012),
(3, 1530201);

-- --------------------------------------------------------

--
-- Estructura de tabla para la tabla `grupoclase`
--

CREATE TABLE `grupoclase` (
  `id_grupo` int(11) NOT NULL,
  `id_materia` int(11) NOT NULL
) ENGINE=InnoDB DEFAULT CHARSET=latin1;

--
-- Volcado de datos para la tabla `grupoclase`
--

INSERT INTO `grupoclase` (`id_grupo`, `id_materia`) VALUES
(1, 2);

-- --------------------------------------------------------

--
-- Estructura de tabla para la tabla `grupos`
--

CREATE TABLE `grupos` (
  `id` int(10) NOT NULL,
  `nombre` varchar(25) NOT NULL,
  `id_carrera` int(11) NOT NULL
) ENGINE=InnoDB DEFAULT CHARSET=latin1;

--
-- Volcado de datos para la tabla `grupos`
--

INSERT INTO `grupos` (`id`, `nombre`, `id_carrera`) VALUES
(1, 'ITI 9-1', 1);

-- --------------------------------------------------------

--
-- Estructura de tabla para la tabla `maestros`
--

CREATE TABLE `maestros` (
  `num_empleado` varchar(128) NOT NULL,
  `nombre` varchar(128) NOT NULL,
  `email` varchar(128) NOT NULL,
  `password` varchar(128) NOT NULL,
  `id_carrera` int(11) NOT NULL,
  `nivel` int(11) NOT NULL
) ENGINE=InnoDB DEFAULT CHARSET=latin1;

--
-- Volcado de datos para la tabla `maestros`
--

INSERT INTO `maestros` (`num_empleado`, `nombre`, `email`, `password`, `id_carrera`, `nivel`) VALUES
('', 'admin', 'admin', 'admin', 1, 1),
('1450002', 'Juan Torres', 'jt@upv.edu.mx', '12345', 1, 0),
('1500231', 'Ramon Hernandez Rodriguez', 'superadmin@upv.edu.mx', 'superadmin', 1, 1),
('1500235', 'Jose Ramirez Perez', 'maestro@upv.edu.mx', 'maestro', 1, 0),
('1523122', 'Carlos Perales', 'ca@upv.edu.mx', '12345', 2, 0),
('1540213', 'Pedro Perales', 'pe@upv.edu.mx', '12345', 1, 1),
('1550002', 'Jose Carrizales', 'jose@upv.edu.mx', '12345', 2, 0),
('1630065', 'Halfonso', '1630065@upv.edu.mx', 'bluetooth1', 2, 1);

-- --------------------------------------------------------

--
-- Estructura de tabla para la tabla `materias`
--

CREATE TABLE `materias` (
  `id` int(10) NOT NULL,
  `nombre` varchar(25) NOT NULL,
  `id_maestro` int(11) NOT NULL,
  `id_carrera` int(11) NOT NULL
) ENGINE=InnoDB DEFAULT CHARSET=latin1;

--
-- Volcado de datos para la tabla `materias`
--

INSERT INTO `materias` (`id`, `nombre`, `id_maestro`, `id_carrera`) VALUES
(2, 'Algoritmos', 0, 2),
(3, 'Base de Datos', 1450002, 1),
(4, 'Administracion de empresa', 1523122, 2);

-- --------------------------------------------------------

--
-- Estructura de tabla para la tabla `sesion_alumnos`
--

CREATE TABLE `sesion_alumnos` (
  `matricula_alumno` varchar(128) NOT NULL,
  `id_sesion` int(11) NOT NULL
) ENGINE=InnoDB DEFAULT CHARSET=latin1;

--
-- Volcado de datos para la tabla `sesion_alumnos`
--

INSERT INTO `sesion_alumnos` (`matricula_alumno`, `id_sesion`) VALUES
('1530019', 86),
('1530061', 87),
('1530031', 87),
('1530201', 88);

-- --------------------------------------------------------

--
-- Estructura de tabla para la tabla `sesion_tutoria`
--

CREATE TABLE `sesion_tutoria` (
  `id` int(11) NOT NULL,
  `fecha` date NOT NULL,
  `hora` time NOT NULL,
  `tipo` varchar(128) NOT NULL,
  `tema` varchar(128) NOT NULL,
  `num_maestro` varchar(128) NOT NULL
) ENGINE=InnoDB DEFAULT CHARSET=latin1;

--
-- Volcado de datos para la tabla `sesion_tutoria`
--

INSERT INTO `sesion_tutoria` (`id`, `fecha`, `hora`, `tipo`, `tema`, `num_maestro`) VALUES
(86, '2018-05-28', '15:12:00', 'Grupal', 'Internet', '1500235'),
(87, '2018-05-30', '17:55:00', 'Grupal', 'Tecnologias', '1500235'),
(88, '2018-05-18', '01:05:00', 'Grupal', 'Ciencias', '1550002');

--
-- Índices para tablas volcadas
--

--
-- Indices de la tabla `alumnos`
--
ALTER TABLE `alumnos`
  ADD PRIMARY KEY (`matricula`),
  ADD KEY `id_tutor` (`id_tutor`),
  ADD KEY `id_carrera` (`id_carrera`);

--
-- Indices de la tabla `carrera`
--
ALTER TABLE `carrera`
  ADD PRIMARY KEY (`id`);

--
-- Indices de la tabla `grupos`
--
ALTER TABLE `grupos`
  ADD PRIMARY KEY (`id`);

--
-- Indices de la tabla `maestros`
--
ALTER TABLE `maestros`
  ADD PRIMARY KEY (`num_empleado`),
  ADD KEY `id_carrera` (`id_carrera`);

--
-- Indices de la tabla `materias`
--
ALTER TABLE `materias`
  ADD PRIMARY KEY (`id`);

--
-- Indices de la tabla `sesion_alumnos`
--
ALTER TABLE `sesion_alumnos`
  ADD KEY `matricula_alumno` (`matricula_alumno`),
  ADD KEY `id_sesion` (`id_sesion`);

--
-- Indices de la tabla `sesion_tutoria`
--
ALTER TABLE `sesion_tutoria`
  ADD PRIMARY KEY (`id`),
  ADD KEY `num_maestro` (`num_maestro`);

--
-- AUTO_INCREMENT de las tablas volcadas
--

--
-- AUTO_INCREMENT de la tabla `carrera`
--
ALTER TABLE `carrera`
  MODIFY `id` int(11) NOT NULL AUTO_INCREMENT, AUTO_INCREMENT=8;

--
-- AUTO_INCREMENT de la tabla `grupos`
--
ALTER TABLE `grupos`
  MODIFY `id` int(10) NOT NULL AUTO_INCREMENT, AUTO_INCREMENT=3;

--
-- AUTO_INCREMENT de la tabla `materias`
--
ALTER TABLE `materias`
  MODIFY `id` int(10) NOT NULL AUTO_INCREMENT, AUTO_INCREMENT=5;

--
-- AUTO_INCREMENT de la tabla `sesion_tutoria`
--
ALTER TABLE `sesion_tutoria`
  MODIFY `id` int(11) NOT NULL AUTO_INCREMENT, AUTO_INCREMENT=89;

--
-- Restricciones para tablas volcadas
--

--
-- Filtros para la tabla `alumnos`
--
ALTER TABLE `alumnos`
  ADD CONSTRAINT `alumnos_ibfk_1` FOREIGN KEY (`id_carrera`) REFERENCES `carrera` (`id`),
  ADD CONSTRAINT `alumnos_ibfk_2` FOREIGN KEY (`id_tutor`) REFERENCES `maestros` (`num_empleado`);

--
-- Filtros para la tabla `maestros`
--
ALTER TABLE `maestros`
  ADD CONSTRAINT `maestros_ibfk_1` FOREIGN KEY (`id_carrera`) REFERENCES `carrera` (`id`);

--
-- Filtros para la tabla `sesion_alumnos`
--
ALTER TABLE `sesion_alumnos`
  ADD CONSTRAINT `sesion_alumnos_ibfk_1` FOREIGN KEY (`matricula_alumno`) REFERENCES `alumnos` (`matricula`),
  ADD CONSTRAINT `sesion_alumnos_ibfk_2` FOREIGN KEY (`id_sesion`) REFERENCES `sesion_tutoria` (`id`);

--
-- Filtros para la tabla `sesion_tutoria`
--
ALTER TABLE `sesion_tutoria`
  ADD CONSTRAINT `sesion_tutoria_ibfk_1` FOREIGN KEY (`num_maestro`) REFERENCES `maestros` (`num_empleado`);
COMMIT;

/*!40101 SET CHARACTER_SET_CLIENT=@OLD_CHARACTER_SET_CLIENT */;
/*!40101 SET CHARACTER_SET_RESULTS=@OLD_CHARACTER_SET_RESULTS */;
/*!40101 SET COLLATION_CONNECTION=@OLD_COLLATION_CONNECTION */;
